{
  "label": "C2_dir2_greedy_damage對greedy_damage",
  "n": 150,
  "seed0": 20260710,
  "帶值注入": {
    "單軸三角": {
      "純閃1": {
        "ev": 1
      },
      "純盾10": {
        "sh": 10
      },
      "純場5": {
        "fl": 5
      }
    },
    "雙軸三家": {
      "游擊_e1_s20": {
        "ev": 1,
        "sh": 20
      },
      "壁壘_s15": {
        "fl": 5,
        "sh": 15
      },
      "重甲_e2": {
        "fl": 5,
        "ev": 2
      }
    }
  },
  "機制": "機率制＋力場純門檻（過載關）",
  "正序": {
    "先手勝率": 0.5122,
    "判定局": 123,
    "平局率": 0.18,
    "回合中位": 36,
    "網介入率": 1.0,
    "翻盤率": {
      "翻盤率": 0.008130081300813009,
      "判定局數": 123,
      "翻盤局數": 1
    },
    "張力": {
      "波動度": 0.006141489033055332,
      "領先易手次數_平均": 0.3466666666666667,
      "領先易手次數_中位": 0.0,
      "決勝時點_平均": 0.10079669043649797,
      "決勝時點_中位": 0.08957219251336898,
      "決勝時點涵蓋局數": 42,
      "無跨零局數": 108,
      "對局數": 150
    },
    "安全網決定率": {
      "安全網決定勝負率": 1.0,
      "安全網觸發率_判定局": 1.0,
      "判定局數": 123,
      "安全網決定局數": 123
    },
    "換角": {
      "每局換角中位": 0.0,
      "每局換角平均": 0.0,
      "主動換角總數": 0,
      "強制換入總數": 0
    }
  }
}