{
  "label": "C2_dir1_greedy_damage對greedy_damage",
  "n": 60,
  "seed0": 20260710,
  "帶值注入": {
    "單軸三角": {
      "純閃1": {
        "ev": 1
      },
      "純盾10": {
        "sh": 10
      },
      "純場5": {
        "fl": 5
      }
    },
    "雙軸三家": {
      "游擊_e1_s20": {
        "ev": 1,
        "sh": 20
      },
      "壁壘_s15": {
        "fl": 5,
        "sh": 15
      },
      "重甲_e2": {
        "fl": 5,
        "ev": 2
      }
    }
  },
  "機制": "機率制＋力場純門檻（過載關）",
  "正序": {
    "先手勝率": 0.5614,
    "判定局": 57,
    "平局率": 0.05,
    "回合中位": 34,
    "網介入率": 0.9833,
    "翻盤率": {
      "翻盤率": 0.0,
      "判定局數": 57,
      "翻盤局數": 0
    },
    "張力": {
      "波動度": 0.01445058675201246,
      "領先易手次數_平均": 1.0833333333333333,
      "領先易手次數_中位": 1.0,
      "決勝時點_平均": 0.3244506067077225,
      "決勝時點_中位": 0.16263736263736264,
      "決勝時點涵蓋局數": 40,
      "無跨零局數": 20,
      "對局數": 60
    },
    "安全網決定率": {
      "安全網決定勝負率": 0.8421052631578947,
      "安全網觸發率_判定局": 0.9824561403508771,
      "判定局數": 57,
      "安全網決定局數": 48
    },
    "換角": {
      "每局換角中位": 5.0,
      "每局換角平均": 5.016666666666667,
      "主動換角總數": 68,
      "強制換入總數": 233
    }
  }
}