{
  "label": "C2_dir3_turtle對greedy_damage",
  "n": 200,
  "seed0": 20260710,
  "帶值注入": {
    "單軸三角": {
      "純閃1": {
        "ev": 1
      },
      "純盾10": {
        "sh": 10
      },
      "純場5": {
        "fl": 5
      }
    },
    "雙軸三家": {
      "游擊_e1_s20": {
        "ev": 1,
        "sh": 20
      },
      "壁壘_s15": {
        "fl": 5,
        "sh": 15
      },
      "重甲_e2": {
        "fl": 5,
        "ev": 2
      }
    }
  },
  "機制": "機率制＋力場純門檻（過載關）",
  "正序": {
    "先手勝率": 0.7,
    "判定局": 160,
    "平局率": 0.2,
    "回合中位": 35,
    "網介入率": 1.0,
    "翻盤率": {
      "翻盤率": 0.04375,
      "判定局數": 160,
      "翻盤局數": 7
    },
    "張力": {
      "波動度": 0.013327496473563948,
      "領先易手次數_平均": 0.55,
      "領先易手次數_中位": 1.0,
      "決勝時點_平均": 0.10074958906115251,
      "決勝時點_中位": 0.09090909090909091,
      "決勝時點涵蓋局數": 104,
      "無跨零局數": 96,
      "對局數": 200
    },
    "安全網決定率": {
      "安全網決定勝負率": 1.0,
      "安全網觸發率_判定局": 1.0,
      "判定局數": 160,
      "安全網決定局數": 160
    },
    "換角": {
      "每局換角中位": 0.0,
      "每局換角平均": 0.0,
      "主動換角總數": 0,
      "強制換入總數": 0
    }
  },
  "反序": {
    "先手勝率": 0.3988,
    "判定局": 173,
    "平局率": 0.135,
    "回合中位": 34,
    "網介入率": 1.0,
    "翻盤率": {
      "翻盤率": 0.023121387283236993,
      "判定局數": 173,
      "翻盤局數": 4
    },
    "張力": {
      "波動度": 0.012936355107885286,
      "領先易手次數_平均": 0.645,
      "領先易手次數_中位": 1.0,
      "決勝時點_平均": 0.10043913128113391,
      "決勝時點_中位": 0.0967741935483871,
      "決勝時點涵蓋局數": 109,
      "無跨零局數": 91,
      "對局數": 200
    },
    "安全網決定率": {
      "安全網決定勝負率": 1.0,
      "安全網觸發率_判定局": 1.0,
      "判定局數": 173,
      "安全網決定局數": 173
    },
    "換角": {
      "每局換角中位": 0.0,
      "每局換角平均": 0.0,
      "主動換角總數": 0,
      "強制換入總數": 0
    }
  }
}