{
  "rank": 2,
  "w": [
    0.6602016933147263,
    -0.262863872166873,
    0.8998369981209988,
    0.11588330462709268,
    0.6082401695029787,
    1.8546763442898069,
    0.6453718080600739,
    1.1156498722737145,
    -0.4382153881059725,
    -0.1245063746824821
  ],
  "世代12適應度": 0.9583333333333334,
  "baselines": {
    "greedy_damage": {
      "勝率_先手": 0.98,
      "勝率_後手": 0.99,
      "勝率_合計": 0.985,
      "行為診斷": {
        "決策總數": 617,
        "探索比例": 0.0519,
        "平均pass傾向": 0.0389,
        "佈陷阱率": 0.0016,
        "位移敵人率": 0.0,
        "平均移動減能力": 1.3906,
        "距離變化_拉開比例": 0.4911,
        "距離變化_拉近比例": 0.436,
        "距離變化_不變比例": 0.0211,
        "平均期望淨傷": 2.6418
      }
    },
    "turtle": {
      "勝率_先手": 0.9467,
      "勝率_後手": 0.99,
      "勝率_合計": 0.9683,
      "行為診斷": {
        "決策總數": 645,
        "探索比例": 0.0403,
        "平均pass傾向": 0.0357,
        "佈陷阱率": 0.0016,
        "位移敵人率": 0.0,
        "平均移動減能力": 1.4868,
        "距離變化_拉開比例": 0.4992,
        "距離變化_拉近比例": 0.4403,
        "距離變化_不變比例": 0.0202,
        "平均期望淨傷": 2.3411
      }
    },
    "positional": {
      "勝率_先手": 0.7333,
      "勝率_後手": 0.9367,
      "勝率_合計": 0.835,
      "行為診斷": {
        "決策總數": 560,
        "探索比例": 0.0589,
        "平均pass傾向": 0.0321,
        "佈陷阱率": 0.0036,
        "位移敵人率": 0.0,
        "平均移動減能力": 1.0143,
        "距離變化_拉開比例": 0.7946,
        "距離變化_拉近比例": 0.1161,
        "距離變化_不變比例": 0.0304,
        "平均期望淨傷": 4.1964
      }
    },
    "random_legal": {
      "勝率_先手": 0.8333,
      "勝率_後手": 0.93,
      "勝率_合計": 0.8817,
      "行為診斷": {
        "決策總數": 593,
        "探索比例": 0.0523,
        "平均pass傾向": 0.032,
        "佈陷阱率": 0.0017,
        "位移敵人率": 0.0,
        "平均移動減能力": 1.2192,
        "距離變化_拉開比例": 0.5616,
        "距離變化_拉近比例": 0.3373,
        "距離變化_不變比例": 0.0489,
        "平均期望淨傷": 3.9629
      }
    }
  },
  "代表對局s": {
    "greedy_damage": {
      "對手": "greedy_damage",
      "我方先手": true,
      "逐回合": [
        "回合1: 晶片移動→(1, 1)；pass；移動→(6, 2)；晶片移動→(6, 3)",
        "回合2: 移動→(2, 1)；晶片移動→(2, 1)；pass；pass",
        "回合3: 移動→(3, 1)；晶片移動→(1, 1)；pass；pass",
        "回合4: 移動→(2, 1)；晶片移動→(2, 1)；pass；pass",
        "回合5: 移動→(3, 1)；晶片移動→(1, 1)；pass；pass",
        "回合6: 移動→(2, 1)；晶片移動→(1, 2)；pass；pass",
        "回合7: 晶片移動→(3, 2)；移動→(1, 1)；pass；pass",
        "回合8: 拾取資源(side0)；晶片移動→(3, 1)；移動→(1, 2)；pass；pass",
        "回合9: 拾取資源(side0)；晶片移動→(2, 3)；移動→(1, 1)；pass；pass",
        "回合10: 拾取資源(side0)；移動→(1, 2)；晶片能力(dmg=15)；pass；pass",
        "回合11: 移動→(1, 1)；晶片能力(dmg=30)；pass；pass",
        "回合12: 拾取資源(side0)；晶片移動→(3, 1)；移動→(1, 2)；pass；pass",
        "回合13: 移動→(1, 1)；晶片能力(dmg=5)；pass；pass",
        "回合14: 晶片移動→(3, 1)；拾取資源(side0)；移動→(1, 2)；pass；pass",
        "回合15: 晶片移動→(2, 3)；移動→(1, 1)；pass；pass",
        "回合16: 晶片移動→(2, 2)；移動→(1, 2)；pass；pass",
        "回合17: 移動→(1, 1)；晶片能力(dmg=10)；pass；pass",
        "回合18: 移動→(2, 1)；晶片移動→(2, 1)；pass；pass",
        "回合19: 移動→(3, 1)；晶片移動→(1, 1)；pass；pass",
        "回合20: 移動→(2, 1)；拾取資源(side0)；晶片移動→(1, 2)；pass；pass",
        "回合21: 拾取資源(side0)；晶片移動→(2, 2)；移動→(1, 1)；pass；pass",
        "回合22: 移動→(2, 1)；晶片移動→(2, 1)；pass；pass",
        "回合23: 移動→(1, 1)；晶片能力(dmg=5)；pass；pass",
        "回合24: 移動→(2, 1)；晶片移動→(2, 1)；pass；pass",
        "回合25: 移動→(3, 1)；晶片移動→(1, 1)；pass；pass；安全網扣血",
        "回合26: 拾取資源(side0)；晶片移動→(1, 3)；拾取資源(side0)；移動→(2, 1)；pass；pass；安全網扣血",
        "回合27: 移動→(3, 1)；晶片移動→(1, 1)；pass；pass；安全網扣血",
        "回合28: 移動→(2, 1)；晶片移動→(2, 1)；pass；pass；安全網扣血",
        "回合29: 移動→(1, 1)；pass；pass；pass；安全網扣血",
        "回合30: 拾取資源(side0)；晶片移動→(3, 1)；移動→(2, 1)；pass；pass；安全網扣血",
        "回合31: 移動→(1, 1)；晶片能力(dmg=5)；pass；pass；安全網扣血",
        "回合32: 晶片移動→(3, 1)；拾取資源(side0)；移動→(2, 1)；pass；pass；安全網扣血",
        "結局：winner=0(我方side=0) reason=擊倒 rounds=32 final_hp={0: 70, 1: 0}"
      ]
    },
    "positional": {
      "對手": "positional",
      "我方先手": true,
      "逐回合": [
        "回合1: 晶片移動→(1, 1)；pass；移動→(6, 2)；晶片移動→(6, 2)",
        "回合2: 移動→(2, 1)；晶片移動→(2, 1)；移動→(5, 2)；晶片能力(dmg=0)",
        "回合3: 移動→(3, 1)；晶片移動→(1, 1)；移動→(6, 2)；晶片能力(dmg=0)",
        "回合4: 移動→(2, 1)；晶片能力(dmg=5)；移動→(5, 2)；晶片能力(dmg=0)",
        "回合5: 移動→(3, 1)；晶片移動→(1, 1)；拾取資源(side1)；移動→(4, 2)；晶片能力(dmg=0)",
        "回合6: 移動→(2, 1)；拾取資源(side0)；晶片移動→(1, 2)；拾取資源(side1)；移動→(4, 1)；晶片能力(dmg=10)",
        "回合7: 拾取資源(side0)；晶片移動→(2, 3)；移動→(1, 3)；移動→(5, 1)；晶片能力(dmg=15)",
        "回合8: 移動→(2, 3)；晶片能力(dmg=30)；拾取資源(side1)；移動→(6, 1)；晶片移動→(6, 2)",
        "回合9: 拾取資源(side0)；移動→(3, 3)；晶片移動→(1, 3)；拾取資源(side1)；移動→(5, 2)；晶片移動→(4, 2)",
        "回合10: 移動→(1, 2)；拾取資源(side0)；晶片移動→(1, 1)；移動→(5, 2)；晶片移動→(4, 1)",
        "回合11: 晶片能力(dmg=5)；移動→(1, 2)；移動→(4, 2)；晶片能力(dmg=0)",
        "回合12: 移動→(1, 3)；晶片能力(dmg=15)；移動→(5, 2)；晶片移動→(4, 3)",
        "回合13: 晶片能力(dmg=5)；移動→(1, 2)；拾取資源(side1)；晶片移動→(6, 3)；移動→(4, 2)",
        "回合14: 晶片能力(dmg=20)；移動→(1, 3)；移動→(4, 3)；晶片能力(dmg=15)",
        "回合15: 拾取資源(side0)；移動→(2, 3)；晶片移動→(1, 2)；晶片移動→(6, 3)；移動→(4, 2)",
        "回合16: 移動→(1, 3)；晶片能力(dmg=5)；晶片移動→(5, 2)；移動→(4, 3)",
        "回合17: 移動→(1, 2)；晶片能力(dmg=5)；晶片移動→(5, 3)；移動→(4, 2)",
        "回合18: 晶片能力(dmg=5)；移動→(1, 3)；移動→(4, 3)；pass",
        "回合19: 移動→(2, 3)；晶片移動→(1, 2)；移動→(4, 2)；pass",
        "回合20: 移動→(1, 3)；晶片能力(dmg=5)；移動→(4, 3)；pass",
        "回合21: 晶片能力(dmg=5)；移動→(1, 2)；移動→(4, 2)；pass",
        "回合22: 拾取資源(side0)；晶片移動→(3, 2)；拾取資源(side0)；移動→(1, 3)；拾取資源(side1)；移動→(4, 3)；pass",
        "回合23: 晶片移動→(3, 3)；移動→(1, 2)；移動→(4, 2)；pass",
        "回合24: 拾取資源(side0)；晶片移動→(2, 2)；移動→(1, 3)；移動→(4, 3)；pass",
        "回合25: 晶片移動→(2, 2)；移動→(1, 2)；移動→(4, 2)；pass；安全網扣血",
        "回合26: 拾取資源(side0)；晶片移動→(2, 2)；移動→(1, 3)；移動→(4, 3)；pass；安全網扣血",
        "回合27: 拾取資源(side0)；移動→(2, 3)；拾取資源(side0)；晶片移動→(1, 1)；拾取資源(side1)；移動→(5, 3)；拾取資源(side1)；晶片移動→(4, 1)；安全網扣血",
        "回合28: 拾取資源(side0)；移動→(2, 1)；晶片能力(dmg=15)",
        "結局：winner=0(我方side=0) reason=擊倒 rounds=28 final_hp={0: 80, 1: 0}"
      ]
    }
  }
}