{
  "rank": 1,
  "w": [
    0.46827009006465165,
    -0.1500316079956744,
    0.2333357331035491,
    -0.9478530941327211,
    0.9507350977453219,
    1.1798284002581407,
    0.8867895813781942,
    0.43021378775120955,
    -0.06966374646607978,
    0.5346098542265463
  ],
  "世代12適應度": 0.96875,
  "baselines": {
    "random_legal": {
      "勝率_先手": 0.8367,
      "勝率_後手": 0.94,
      "勝率_合計": 0.8883,
      "行為診斷": {
        "決策總數": 576,
        "探索比例": 0.0521,
        "平均pass傾向": 0.1476,
        "佈陷阱率": 0.0556,
        "位移敵人率": 0.0,
        "平均移動減能力": 0.9358,
        "距離變化_拉開比例": 0.4948,
        "距離變化_拉近比例": 0.3108,
        "距離變化_不變比例": 0.1424,
        "平均期望淨傷": 4.4792
      }
    },
    "greedy_damage": {
      "勝率_先手": 0.9733,
      "勝率_後手": 0.99,
      "勝率_合計": 0.9817,
      "行為診斷": {
        "決策總數": 605,
        "探索比例": 0.0496,
        "平均pass傾向": 0.1884,
        "佈陷阱率": 0.0595,
        "位移敵人率": 0.0,
        "平均移動減能力": 1.1339,
        "距離變化_拉開比例": 0.4595,
        "距離變化_拉近比例": 0.3934,
        "距離變化_不變比例": 0.0975,
        "平均期望淨傷": 2.6694
      }
    },
    "turtle": {
      "勝率_先手": 0.9533,
      "勝率_後手": 0.9967,
      "勝率_合計": 0.975,
      "行為診斷": {
        "決策總數": 642,
        "探索比例": 0.0374,
        "平均pass傾向": 0.215,
        "佈陷阱率": 0.0514,
        "位移敵人率": 0.0,
        "平均移動減能力": 1.1931,
        "距離變化_拉開比例": 0.4564,
        "距離變化_拉近比例": 0.4019,
        "距離變化_不變比例": 0.1044,
        "平均期望淨傷": 2.352
      }
    },
    "positional": {
      "勝率_先手": 0.6533,
      "勝率_後手": 0.9433,
      "勝率_合計": 0.7983,
      "行為診斷": {
        "決策總數": 516,
        "探索比例": 0.0543,
        "平均pass傾向": 0.0756,
        "佈陷阱率": 0.0543,
        "位移敵人率": 0.0,
        "平均移動減能力": 0.7888,
        "距離變化_拉開比例": 0.7035,
        "距離變化_拉近比例": 0.1453,
        "距離變化_不變比例": 0.0969,
        "平均期望淨傷": 4.8256
      }
    }
  },
  "代表對局s": {
    "random_legal": {
      "對手": "random_legal",
      "我方先手": true,
      "逐回合": [
        "回合1: 晶片能力(dmg=5)；pass；移動→(5, 1)；晶片移動→(4, 2)",
        "回合2: 晶片能力(dmg=20)；拾取資源(side0)；移動→(2, 1)；pass；pass",
        "回合3: 移動→(3, 1)；晶片移動→(1, 3)；移動→(5, 2)；布陷阱@(3, 1)；晶片能力(dmg=0)",
        "回合4: 移動→(2, 3)；晶片能力(dmg=15)；布陷阱@(3, 2)；晶片能力(dmg=0)；移動→(5, 1)",
        "回合5: 移動→(1, 3)；晶片能力(dmg=5)；拾取資源(side1)；晶片移動→(4, 1)；移動→(5, 2)",
        "回合6: 拾取資源(side0)；移動→(2, 3)；晶片能力(dmg=5)；晶片移動→(4, 2)；移動→(5, 3)",
        "回合7: 移動→(1, 3)；晶片能力(dmg=10)；晶片能力(dmg=0)；移動→(5, 2)",
        "回合8: 移動→(2, 3)；晶片移動→(2, 3)；拾取資源(side1)；晶片移動→(6, 2)；移動→(5, 1)",
        "回合9: 陷阱觸發(受害0,dmg0)；拾取資源(side0)；晶片移動→(3, 2)；移動→(1, 3)；移動→(6, 1)；晶片移動→(6, 1)",
        "回合10: 晶片能力(dmg=0)；拾取資源(side0)；移動→(1, 2)；晶片移動→(5, 1)；pass",
        "回合11: 拾取資源(side0)；移動→(1, 1)；晶片移動→(2, 2)；移動→(5, 2)；晶片移動→(6, 2)",
        "回合12: 晶片能力(dmg=5)；移動→(2, 3)；晶片移動→(6, 1)；移動→(6, 1)",
        "回合13: 移動→(1, 3)；晶片能力(dmg=15)；移動→(5, 1)；拾取資源(side1)；晶片移動→(4, 1)",
        "回合14: 拾取資源(side0)；晶片移動→(1, 1)；移動→(1, 2)；移動→(4, 2)；晶片能力(dmg=0)",
        "回合15: 晶片移動→(2, 2)；移動→(1, 1)；拾取資源(side1)；移動→(4, 3)；晶片能力(dmg=0)",
        "回合16: 拾取資源(side0)；移動→(2, 1)；晶片能力(dmg=5)；拾取資源(side1)；晶片移動→(6, 3)；拾取資源(side1)；移動→(5, 3)",
        "回合17: 移動→(3, 1)；晶片移動→(1, 1)；移動→(6, 3)；晶片移動→(6, 3)",
        "回合18: 晶片能力(dmg=10)；pass；晶片移動→(5, 3)；拾取資源(side1)；移動→(6, 2)",
        "回合19: 移動→(2, 1)；晶片移動→(1, 3)；移動→(6, 3)；晶片能力(dmg=10)",
        "回合20: 拾取資源(side0)；晶片移動→(2, 3)；移動→(1, 2)；晶片能力(dmg=0)；移動→(6, 2)",
        "回合21: 晶片能力(dmg=0)；pass；晶片能力(dmg=0)；pass",
        "回合22: 拾取資源(side0)；晶片移動→(2, 1)；拾取資源(side0)；移動→(1, 1)；拾取資源(side1)；晶片移動→(5, 2)；pass",
        "回合23: 晶片能力(dmg=20)；pass；拾取資源(side1)；晶片移動→(4, 3)；移動→(6, 2)",
        "回合24: 晶片移動→(2, 1)；移動→(1, 2)；移動→(6, 1)；晶片能力(dmg=10)",
        "回合25: 拾取資源(side0)；晶片移動→(2, 3)；移動→(1, 3)；移動→(5, 1)；晶片移動→(4, 3)；安全網扣血",
        "回合26: 晶片能力(dmg=5)；移動→(1, 2)；晶片能力(dmg=20)；拾取資源(side1)；移動→(4, 2)；安全網扣血",
        "回合27: 拾取資源(side0)；移動→(1, 1)；布陷阱@(4, 1)；晶片能力(dmg=0)；晶片能力(dmg=10)；陷阱觸發(受害1,dmg0)；拾取資源(side1)；移動→(4, 1)；安全網扣血",
        "回合28: 移動→(2, 1)；晶片能力(dmg=20)",
        "結局：winner=0(我方side=0) reason=擊倒 rounds=28 final_hp={0: 70, 1: 0}"
      ]
    },
    "greedy_damage": {
      "對手": "greedy_damage",
      "我方先手": true,
      "逐回合": [
        "回合1: 晶片能力(dmg=5)；pass；移動→(6, 2)；晶片能力(dmg=0)",
        "回合2: 拾取資源(side0)；移動→(2, 1)；晶片能力(dmg=15)；移動→(5, 2)；晶片移動→(6, 3)",
        "回合3: 移動→(3, 1)；晶片移動→(1, 1)；pass；pass",
        "回合4: 移動→(2, 1)；晶片移動→(1, 2)；pass；pass",
        "回合5: 晶片移動→(2, 3)；移動→(1, 1)；pass；pass",
        "回合6: 移動→(1, 2)；晶片能力(dmg=5)；pass；pass",
        "回合7: 晶片移動→(2, 2)；移動→(1, 1)；pass；pass",
        "回合8: 拾取資源(side0)；移動→(1, 2)；布陷阱@(4, 1)；晶片能力(dmg=0)；pass；pass",
        "回合9: 移動→(1, 1)；晶片能力(dmg=30)；pass；pass",
        "回合10: 拾取資源(side0)；晶片移動→(2, 1)；移動→(1, 2)；pass；pass",
        "回合11: 移動→(1, 1)；布陷阱@(4, 1)；晶片能力(dmg=0)；pass；pass",
        "回合12: 拾取資源(side0)；移動→(2, 1)；晶片能力(dmg=15)；pass；pass",
        "回合13: 拾取資源(side0)；移動→(3, 1)；晶片移動→(1, 1)；pass；pass",
        "回合14: 拾取資源(side0)；移動→(2, 1)；晶片移動→(2, 1)；pass；pass",
        "回合15: 移動→(3, 1)；晶片移動→(1, 1)；pass；pass",
        "回合16: 晶片移動→(1, 3)；移動→(2, 1)；pass；pass",
        "回合17: 移動→(1, 1)；pass；pass；pass",
        "回合18: 拾取資源(side0)；移動→(2, 1)；晶片能力(dmg=5)；pass；pass",
        "回合19: 移動→(1, 1)；晶片能力(dmg=10)；pass；pass",
        "回合20: 拾取資源(side0)；移動→(2, 1)；晶片移動→(2, 1)；pass；pass",
        "回合21: 移動→(1, 1)；晶片能力(dmg=10)；pass；pass",
        "回合22: 晶片移動→(3, 1)；移動→(2, 1)；pass；pass",
        "回合23: 晶片移動→(3, 1)；移動→(1, 1)；pass；pass",
        "回合24: 移動→(2, 1)；pass；pass；pass",
        "回合25: 移動→(2, 2)；pass；pass；pass；安全網扣血",
        "回合26: 拾取資源(side0)；移動→(1, 2)；pass；pass；pass；安全網扣血",
        "回合27: 拾取資源(side0)；晶片移動→(3, 2)；移動→(1, 1)；pass；pass；安全網扣血",
        "回合28: 拾取資源(side0)；晶片移動→(3, 1)；移動→(2, 1)；pass；pass；安全網扣血",
        "回合29: 拾取資源(side0)；晶片移動→(1, 3)；移動→(1, 1)；pass；pass；安全網扣血",
        "回合30: 移動→(2, 1)；pass；pass；pass；安全網扣血",
        "結局：winner=0(我方side=0) reason=擊倒 rounds=30 final_hp={0: 90, 1: 0}"
      ]
    }
  }
}