{
  "rank": 3,
  "w": [
    1.0085074444339253,
    0.19407713371539417,
    1.4677921307689392,
    -0.33035221894265976,
    0.29694523502797787,
    1.6994260631782312,
    -0.37911743113464663,
    1.0892802319597779,
    -1.0498707871766524,
    -0.5267807902712112
  ],
  "世代12適應度": 0.9479166666666666,
  "baselines": {
    "greedy_damage": {
      "勝率_先手": 0.9867,
      "勝率_後手": 0.99,
      "勝率_合計": 0.9883,
      "行為診斷": {
        "決策總數": 615,
        "探索比例": 0.039,
        "平均pass傾向": 0.0358,
        "佈陷阱率": 0.0,
        "位移敵人率": 0.0,
        "平均移動減能力": 1.4407,
        "距離變化_拉開比例": 0.5008,
        "距離變化_拉近比例": 0.439,
        "距離變化_不變比例": 0.0211,
        "平均期望淨傷": 2.6992
      }
    },
    "turtle": {
      "勝率_先手": 0.97,
      "勝率_後手": 0.9767,
      "勝率_合計": 0.9733,
      "行為診斷": {
        "決策總數": 635,
        "探索比例": 0.0598,
        "平均pass傾向": 0.0346,
        "佈陷阱率": 0.0,
        "位移敵人率": 0.0,
        "平均移動減能力": 1.4079,
        "距離變化_拉開比例": 0.485,
        "距離變化_拉近比例": 0.4409,
        "距離變化_不變比例": 0.0142,
        "平均期望淨傷": 2.5827
      }
    },
    "positional": {
      "勝率_先手": 0.65,
      "勝率_後手": 0.92,
      "勝率_合計": 0.785,
      "行為診斷": {
        "決策總數": 542,
        "探索比例": 0.0387,
        "平均pass傾向": 0.0369,
        "佈陷阱率": 0.0,
        "位移敵人率": 0.0,
        "平均移動減能力": 1.048,
        "距離變化_拉開比例": 0.7823,
        "距離變化_拉近比例": 0.1199,
        "距離變化_不變比例": 0.059,
        "平均期望淨傷": 4.3266
      }
    },
    "random_legal": {
      "勝率_先手": 0.8,
      "勝率_後手": 0.9467,
      "勝率_合計": 0.8733,
      "行為診斷": {
        "決策總數": 593,
        "探索比例": 0.0523,
        "平均pass傾向": 0.027,
        "佈陷阱率": 0.0,
        "位移敵人率": 0.0,
        "平均移動減能力": 1.2648,
        "距離變化_拉開比例": 0.5363,
        "距離變化_拉近比例": 0.3491,
        "距離變化_不變比例": 0.0624,
        "平均期望淨傷": 3.9292
      }
    }
  },
  "代表對局s": {
    "greedy_damage": {
      "對手": "greedy_damage",
      "我方先手": true,
      "逐回合": [
        "回合1: 移動→(1, 2)；pass；移動→(6, 2)；晶片移動→(6, 3)",
        "回合2: 晶片移動→(2, 2)；拾取資源(side0)；移動→(1, 1)；pass；pass",
        "回合3: 移動→(2, 1)；晶片能力(dmg=15)；移動→(5, 3)；晶片能力(dmg=10)",
        "回合4: 移動→(1, 1)；晶片能力(dmg=15)；移動→(6, 3)；晶片能力(dmg=0)",
        "回合5: 移動→(2, 1)；晶片能力(dmg=5)；晶片能力(dmg=15)；pass",
        "回合6: 移動→(1, 1)；晶片能力(dmg=15)；pass；pass",
        "回合7: 拾取資源(side0)；晶片移動→(1, 3)；移動→(2, 1)；pass；pass",
        "回合8: 移動→(3, 1)；拾取資源(side0)；晶片移動→(1, 1)；pass；pass",
        "回合9: 移動→(2, 1)；晶片移動→(2, 1)；pass；pass",
        "回合10: 拾取資源(side0)；移動→(3, 1)；晶片移動→(1, 1)；pass；pass",
        "回合11: 移動→(2, 1)；晶片移動→(2, 1)；pass；pass",
        "回合12: 移動→(3, 1)；晶片移動→(1, 1)；pass；pass",
        "回合13: 晶片移動→(3, 1)；移動→(2, 1)；pass；pass",
        "回合14: 移動→(3, 1)；晶片移動→(1, 1)；pass；pass",
        "回合15: 晶片移動→(3, 1)；移動→(2, 1)；pass；pass",
        "回合16: 拾取資源(side0)；晶片移動→(3, 2)；移動→(1, 1)；pass；pass",
        "回合17: 移動→(2, 1)；晶片移動→(2, 1)；pass；pass",
        "回合18: 移動→(3, 1)；晶片移動→(1, 1)；pass；pass",
        "回合19: 拾取資源(side0)；晶片移動→(2, 2)；移動→(2, 1)；pass；pass",
        "回合20: 移動→(3, 1)；晶片移動→(1, 1)；pass；pass",
        "回合21: 拾取資源(side0)；晶片移動→(2, 2)；移動→(2, 1)；pass；pass",
        "回合22: 拾取資源(side0)；晶片移動→(1, 3)；移動→(1, 1)；pass；pass",
        "回合23: 移動→(2, 1)；晶片移動→(1, 2)；pass；pass",
        "回合24: 拾取資源(side0)；移動→(1, 1)；晶片能力(dmg=15)；pass；pass",
        "回合25: 移動→(2, 1)；晶片能力(dmg=5)；pass；pass；安全網扣血",
        "回合26: 移動→(2, 2)；拾取資源(side0)；晶片移動→(2, 3)；晶片能力(dmg=20)；拾取資源(side1)；移動→(6, 2)；安全網扣血",
        "回合27: 拾取資源(side0)；移動→(3, 3)；晶片移動→(1, 3)；拾取資源(side1)；移動→(5, 2)；拾取資源(side1)；晶片移動→(6, 1)；安全網扣血",
        "回合28: 拾取資源(side0)；移動→(2, 3)；晶片移動→(1, 2)；晶片能力(dmg=35)；pass；安全網扣血",
        "回合29: 拾取資源(side0)；晶片移動→(3, 2)；移動→(1, 3)；pass；pass；安全網扣血",
        "回合30: 晶片移動→(3, 3)；移動→(2, 3)；pass；pass；安全網扣血",
        "回合31: 移動→(1, 3)；晶片能力(dmg=15)；pass；pass；安全網扣血",
        "結局：winner=1(我方side=0) reason=擊倒 rounds=31 final_hp={0: 0, 1: 15}"
      ]
    },
    "positional": {
      "對手": "positional",
      "我方先手": true,
      "逐回合": [
        "回合1: 晶片移動→(1, 3)；pass；晶片能力(dmg=0)；pass",
        "回合2: 拾取資源(side0)；晶片移動→(2, 3)；移動→(1, 2)；移動→(4, 2)；晶片能力(dmg=25)",
        "回合3: 移動→(2, 2)；晶片移動→(1, 1)；移動→(4, 3)；晶片能力(dmg=10)",
        "回合4: 晶片移動→(2, 1)；拾取資源(side0)；移動→(1, 2)；晶片移動→(5, 2)；移動→(4, 2)",
        "回合5: 晶片能力(dmg=5)；移動→(1, 3)；晶片移動→(6, 2)；移動→(4, 3)",
        "回合6: 晶片能力(dmg=20)；移動→(1, 2)；移動→(4, 2)；晶片能力(dmg=10)",
        "回合7: 移動→(1, 3)；晶片能力(dmg=15)；晶片能力(dmg=20)；移動→(4, 3)",
        "回合8: 拾取資源(side0)；移動→(1, 2)；晶片能力(dmg=15)；晶片移動→(5, 2)；拾取資源(side1)；移動→(4, 2)",
        "回合9: 移動→(1, 3)；晶片能力(dmg=15)；晶片移動→(6, 2)；移動→(4, 3)",
        "回合10: 移動→(1, 2)；晶片能力(dmg=10)；拾取資源(side1)；晶片移動→(5, 3)；移動→(4, 2)",
        "回合11: 晶片移動→(3, 2)；移動→(1, 3)；移動→(4, 3)；pass",
        "回合12: 晶片移動→(2, 3)；拾取資源(side0)；移動→(1, 2)；移動→(4, 2)；pass",
        "回合13: 移動→(2, 2)；晶片移動→(1, 3)；移動→(4, 3)；pass",
        "回合14: 晶片移動→(2, 3)；移動→(1, 2)；移動→(4, 2)；pass",
        "回合15: 拾取資源(side0)；晶片移動→(2, 2)；移動→(1, 3)；移動→(4, 3)；pass",
        "回合16: 移動→(2, 3)；晶片移動→(1, 1)；拾取資源(side1)；移動→(5, 3)；晶片移動→(4, 1)",
        "回合17: 拾取資源(side0)；晶片移動→(2, 1)；移動→(1, 2)；拾取資源(side1)；晶片移動→(6, 1)；移動→(4, 2)",
        "回合18: 拾取資源(side0)；移動→(2, 2)；晶片移動→(1, 1)；移動→(4, 1)；pass",
        "回合19: 晶片能力(dmg=5)；移動→(1, 2)；移動→(4, 2)；pass",
        "回合20: 移動→(1, 3)；晶片能力(dmg=15)；拾取資源(side1)；移動→(4, 3)；pass",
        "回合21: 移動→(1, 2)；晶片能力(dmg=5)；移動→(4, 2)；pass",
        "回合22: 晶片能力(dmg=5)；拾取資源(side0)；移動→(1, 3)；移動→(4, 3)；pass",
        "回合23: 移動→(2, 3)；晶片移動→(1, 2)；移動→(4, 2)；pass",
        "回合24: 拾取資源(side0)；移動→(2, 2)；晶片移動→(1, 3)；移動→(4, 3)；pass",
        "回合25: 晶片移動→(2, 3)；移動→(1, 2)；移動→(4, 2)；pass；安全網扣血",
        "回合26: 拾取資源(side0)；晶片移動→(3, 2)；移動→(1, 3)；拾取資源(side1)；移動→(4, 3)；pass；安全網扣血",
        "回合27: 晶片能力(dmg=5)；移動→(1, 2)；移動→(4, 2)；pass；安全網扣血",
        "回合28: 移動→(1, 3)；晶片能力(dmg=15)",
        "結局：winner=0(我方side=0) reason=擊倒 rounds=28 final_hp={0: 55, 1: 0}"
      ]
    }
  }
}