{
  "rank1_w": [
    0.46827009006465165,
    -0.1500316079956744,
    0.2333357331035491,
    -0.9478530941327211,
    0.9507350977453219,
    1.1798284002581407,
    0.8867895813781942,
    0.43021378775120955,
    -0.06966374646607978,
    0.5346098542265463
  ],
  "對四基線": {
    "greedy_damage": {
      "勝率(含平局折半)": 0.9833,
      "判定局": 60,
      "平局率": 0.0,
      "回合中位": 30,
      "網介入率": 1.0,
      "安全網決定率": {
        "安全網決定勝負率": 0.9,
        "安全網觸發率_判定局": 1.0,
        "判定局數": 60,
        "安全網決定局數": 54
      },
      "翻盤率": {
        "翻盤率": 0.11666666666666667,
        "判定局數": 60,
        "翻盤局數": 7
      },
      "張力": {
        "波動度": 0.022246575342465845,
        "領先易手次數_平均": 0.85,
        "領先易手次數_中位": 1.0,
        "決勝時點_平均": 0.3791986935551954,
        "決勝時點_中位": 0.37037037037037035,
        "決勝時點涵蓋局數": 39,
        "無跨零局數": 21,
        "對局數": 60
      }
    },
    "turtle": {
      "勝率(含平局折半)": 0.9667,
      "判定局": 60,
      "平局率": 0.0,
      "回合中位": 31,
      "網介入率": 1.0,
      "安全網決定率": {
        "安全網決定勝負率": 0.7666666666666667,
        "安全網觸發率_判定局": 1.0,
        "判定局數": 60,
        "安全網決定局數": 46
      },
      "翻盤率": {
        "翻盤率": 0.2,
        "判定局數": 60,
        "翻盤局數": 12
      },
      "張力": {
        "波動度": 0.0219108055702451,
        "領先易手次數_平均": 0.7833333333333333,
        "領先易手次數_中位": 1.0,
        "決勝時點_平均": 0.5204217142348379,
        "決勝時點_中位": 0.46875,
        "決勝時點涵蓋局數": 31,
        "無跨零局數": 29,
        "對局數": 60
      }
    },
    "positional": {
      "勝率(含平局折半)": 0.8583,
      "判定局": 59,
      "平局率": 0.0167,
      "回合中位": 26,
      "網介入率": 0.6667,
      "安全網決定率": {
        "安全網決定勝負率": 0.423728813559322,
        "安全網觸發率_判定局": 0.6610169491525424,
        "判定局數": 59,
        "安全網決定局數": 25
      },
      "翻盤率": {
        "翻盤率": 0.23728813559322035,
        "判定局數": 59,
        "翻盤局數": 14
      },
      "張力": {
        "波動度": 0.04436891003852275,
        "領先易手次數_平均": 1.5166666666666666,
        "領先易手次數_中位": 1.0,
        "決勝時點_平均": 0.5547119755080817,
        "決勝時點_中位": 0.5769230769230769,
        "決勝時點涵蓋局數": 47,
        "無跨零局數": 13,
        "對局數": 60
      }
    },
    "random_legal": {
      "勝率(含平局折半)": 0.9,
      "判定局": 56,
      "平局率": 0.0667,
      "回合中位": 29,
      "網介入率": 0.8667,
      "安全網決定率": {
        "安全網決定勝負率": 0.6607142857142857,
        "安全網觸發率_判定局": 0.8571428571428571,
        "判定局數": 56,
        "安全網決定局數": 37
      },
      "翻盤率": {
        "翻盤率": 0.21428571428571427,
        "判定局數": 56,
        "翻盤局數": 12
      },
      "張力": {
        "波動度": 0.04049900199600816,
        "領先易手次數_平均": 1.0333333333333334,
        "領先易手次數_中位": 0.0,
        "決勝時點_平均": 0.7190865761017118,
        "決勝時點_中位": 0.8056426332288402,
        "決勝時點涵蓋局數": 28,
        "無跨零局數": 32,
        "對局數": 60
      }
    }
  },
  "n每序": 30
}