{
  "rank1_w": [
    0.46827009006465165,
    -0.1500316079956744,
    0.2333357331035491,
    -0.9478530941327211,
    0.9507350977453219,
    1.1798284002581407,
    0.8867895813781942,
    0.43021378775120955,
    -0.06966374646607978,
    0.5346098542265463
  ],
  "世代12適應度": 0.96875,
  "fresh_seed_base": 20300710,
  "n每序": 30,
  "勝率_先手": 0.9833,
  "勝率_後手": 0.9833,
  "勝率_合計(含平局折半)": 0.9833,
  "平局數": 2,
  "對照_e2_final覆核勝率合計": 0.9817,
  "判準": "≥0.8 ＝非過擬合演化seed",
  "風箏抽樣": {
    "seed": 20300710,
    "winner": 0,
    "my_side": 0,
    "rounds": 31,
    "reason": "擊倒",
    "對手pass數": 54,
    "對手行動數": 62,
    "對手pass率": 0.871,
    "我方決策數": 31,
    "我方距離拉開比例": 0.452,
    "我方距離拉近比例": 0.419,
    "我方距離不變比例": 0.129
  }
}